[{"model": "contenttypes.contenttype", "pk": 1, "fields": {"app_label": "admin", "model": "logentry"}}, {"model": "contenttypes.contenttype", "pk": 2, "fields": {"app_label": "auth", "model": "permission"}}, {"model": "contenttypes.contenttype", "pk": 3, "fields": {"app_label": "auth", "model": "group"}}, {"model": "contenttypes.contenttype", "pk": 4, "fields": {"app_label": "contenttypes", "model": "contenttype"}}, {"model": "contenttypes.contenttype", "pk": 5, "fields": {"app_label": "sessions", "model": "session"}}, {"model": "contenttypes.contenttype", "pk": 6, "fields": {"app_label": "crowdfunder", "model": "user"}}, {"model": "contenttypes.contenttype", "pk": 7, "fields": {"app_label": "crowdfunder", "model": "contribution"}}, {"model": "contenttypes.contenttype", "pk": 8, "fields": {"app_label": "crowdfunder", "model": "project"}}, {"model": "contenttypes.contenttype", "pk": 9, "fields": {"app_label": "crowdfunder", "model": "reward"}}, {"model": "contenttypes.contenttype", "pk": 10, "fields": {"app_label": "crowdfunder", "model": "category"}}, {"model": "contenttypes.contenttype", "pk": 11, "fields": {"app_label": "tagging", "model": "tag"}}, {"model": "contenttypes.contenttype", "pk": 12, "fields": {"app_label": "tagging", "model": "taggeditem"}}, {"model": "sessions.session", "pk": "0yuo7lbmxrv17je6wp5l0mcb2opn3wm3", "fields": {"session_data": "ZmQ3MDYyODVmMWFlOTk2ZDY0YjlkZjk1YjIyNzA0ZDY2MDdhNWE2OTp7Il9hdXRoX3VzZXJfaWQiOiI0IiwiX2F1dGhfdXNlcl9iYWNrZW5kIjoiZGphbmdvLmNvbnRyaWIuYXV0aC5iYWNrZW5kcy5Nb2RlbEJhY2tlbmQiLCJfYXV0aF91c2VyX2hhc2giOiI3NmViZGFjMzY3MjY0ZGQ0Y2YzNzFkOGRiNWY1YWY4OWY4ODJhZDhlIn0=", "expire_date": "2019-06-24T20:13:43.071Z"}}, {"model": "sessions.session", "pk": "aik0ixpxe3awrvas0klby0n5zcmw7d8a", "fields": {"session_data": "YWM1N2U1MjcyYWJmNjUwMzBlMjNmODFkNWE3MTg3OTQ1NzkzNTA1ZDp7Il9hdXRoX3VzZXJfaWQiOiIxIiwiX2F1dGhfdXNlcl9iYWNrZW5kIjoiZGphbmdvLmNvbnRyaWIuYXV0aC5iYWNrZW5kcy5Nb2RlbEJhY2tlbmQiLCJfYXV0aF91c2VyX2hhc2giOiI2Mjc4OTc2NmY2NDhhMGNhYzc0MDA0YWUwMzU3MGZhYzI0Y2JhNmRlIn0=", "expire_date": "2019-06-24T14:46:24.384Z"}}, {"model": "sessions.session", "pk": "p32h0cmzu0c76612azyxg47497cqu3n3", "fields": {"session_data": "NDFkNTEwZjZkN2YyNDllZWYwNDYyZmUyYTM5YzM4YWUxNzI5MTk2Mzp7Il9hdXRoX3VzZXJfaWQiOiIxIiwiX2F1dGhfdXNlcl9iYWNrZW5kIjoiZGphbmdvLmNvbnRyaWIuYXV0aC5iYWNrZW5kcy5Nb2RlbEJhY2tlbmQiLCJfYXV0aF91c2VyX2hhc2giOiJkNDU2N2IwNDMzNDQyOWE3MDNlYWRkMzVhNTRhNGU4MDBiZGJhYWM3In0=", "expire_date": "2019-08-12T22:47:16.278Z"}}, {"model": "crowdfunder.category", "pk": 1, "fields": {"name": "Film"}}, {"model": "crowdfunder.category", "pk": 2, "fields": {"name": "Music"}}, {"model": "crowdfunder.category", "pk": 3, "fields": {"name": "Comics & Illustration"}}, {"model": "crowdfunder.category", "pk": 4, "fields": {"name": "Design & Tech"}}, {"model": "crowdfunder.category", "pk": 5, "fields": {"name": "Arts"}}, {"model": "crowdfunder.category", "pk": 6, "fields": {"name": "Philanthropy"}}, {"model": "crowdfunder.category", "pk": 7, "fields": {"name": "Food & Drink"}}, {"model": "crowdfunder.category", "pk": 8, "fields": {"name": "Cosmetics"}}, {"model": "crowdfunder.reward", "pk": 10, "fields": {"title": "Bronze Key", "amount": 100, "description": "Individuals living in Toronto shelters have created art pieces. This piece features a bronze key on a Toronto landscape.", "limit": 50, "project": 6}}, {"model": "crowdfunder.reward", "pk": 11, "fields": {"title": "Silver Key", "amount": 250, "description": "Individuals living in Toronto shelters have created art pieces. This piece features a silver key on a Toronto landscape.", "limit": 30, "project": 6}}, {"model": "crowdfunder.reward", "pk": 12, "fields": {"title": "Gold Key", "amount": 500, "description": "Individuals living in Toronto shelters have created art pieces. This piece features a gold key on a Toronto landscape.", "limit": 15, "project": 6}}, {"model": "crowdfunder.reward", "pk": 13, "fields": {"title": "One Scoop", "amount": 50, "description": "Backers will receive one IceCream Canteen.", "limit": 100, "project": 7}}, {"model": "crowdfunder.reward", "pk": 14, "fields": {"title": "Two Scoops", "amount": 200, "description": "Backers will receive one IceCream Canteen and a free pint of ice cream of their choice.", "limit": 50, "project": 7}}, {"model": "crowdfunder.reward", "pk": 15, "fields": {"title": "Three Scoops", "amount": 300, "description": "Backers will receive one IceCream Canteen, a free pint of ice cream of their choice, and a limited edition pair of spoons.", "limit": 35, "project": 7}}, {"model": "crowdfunder.reward", "pk": 16, "fields": {"title": "Basic Screening", "amount": 200, "description": "Backers will receive free tickets to a screening of their choice.", "limit": 200, "project": 8}}, {"model": "crowdfunder.reward", "pk": 17, "fields": {"title": "Advanced Screening", "amount": 400, "description": "Backers will receive free tickets to any three screenings of their choice.", "limit": 100, "project": 8}}, {"model": "crowdfunder.reward", "pk": 18, "fields": {"title": "Platinum Screening", "amount": 600, "description": "Backers will receive season tickets for all screenings.", "limit": 50, "project": 8}}, {"model": "crowdfunder.reward", "pk": 19, "fields": {"title": "One Straw", "amount": 100, "description": "Backers will receive a free metal straw.", "limit": 300, "project": 9}}, {"model": "crowdfunder.reward", "pk": 20, "fields": {"title": "Two Straws", "amount": 200, "description": "Backers will receive a limited edition coloured metal straw.", "limit": 200, "project": 9}}, {"model": "crowdfunder.reward", "pk": 21, "fields": {"title": "Three Straws", "amount": 500, "description": "Backers will receive a limited edition coloured metal straw, engraved with a message of their choice.", "limit": 50, "project": 9}}, {"model": "crowdfunder.reward", "pk": 22, "fields": {"title": "Bronze Comic", "amount": 200, "description": "Backers will receive a free hard copy comic and early access to the app.", "limit": 300, "project": 10}}, {"model": "crowdfunder.reward", "pk": 23, "fields": {"title": "Silver Comic", "amount": 350, "description": "Backers will receive a customized hard copy comic and early access to the app.", "limit": 200, "project": 10}}, {"model": "crowdfunder.reward", "pk": 24, "fields": {"title": "Gold Comic", "amount": 500, "description": "Backers will receive a free hard copy comic, early access to the app, and tickets to our annual comic convention.", "limit": 100, "project": 10}}, {"model": "crowdfunder.reward", "pk": 25, "fields": {"title": "Bar Soap", "amount": 50, "description": "Backers will receive a free bottle of Universal Wash.", "limit": 100, "project": 11}}, {"model": "crowdfunder.reward", "pk": 26, "fields": {"title": "Liquid Soap", "amount": 200, "description": "Backers will receive three free bottles of Universal Wash in customized bottles.", "limit": 50, "project": 11}}, {"model": "crowdfunder.reward", "pk": 27, "fields": {"title": "Platinum Soap", "amount": 300, "description": "Backers will receive unlimited bottles of Universal Wash in customized bottles for a year.", "limit": 50, "project": 11}}, {"model": "crowdfunder.reward", "pk": 28, "fields": {"title": "Bingo", "amount": 50, "description": "Backers will receive a free bingo dauber and free access to one event.", "limit": 100, "project": 12}}, {"model": "crowdfunder.reward", "pk": 29, "fields": {"title": "Double Bingo", "amount": 100, "description": "Backers will receive a free bingo dauber and free access to any two events.", "limit": 100, "project": 12}}, {"model": "crowdfunder.reward", "pk": 30, "fields": {"title": "Triple Bingo", "amount": 200, "description": "Backers will receive a free bingo dauber and unlimited access to our events.", "limit": 100, "project": 12}}, {"model": "auth.permission", "pk": 1, "fields": {"name": "Can add log entry", "content_type": 1, "codename": "add_logentry"}}, {"model": "auth.permission", "pk": 2, "fields": {"name": "Can change log entry", "content_type": 1, "codename": "change_logentry"}}, {"model": "auth.permission", "pk": 3, "fields": {"name": "Can delete log entry", "content_type": 1, "codename": "delete_logentry"}}, {"model": "auth.permission", "pk": 4, "fields": {"name": "Can view log entry", "content_type": 1, "codename": "view_logentry"}}, {"model": "auth.permission", "pk": 5, "fields": {"name": "Can add permission", "content_type": 2, "codename": "add_permission"}}, {"model": "auth.permission", "pk": 6, "fields": {"name": "Can change permission", "content_type": 2, "codename": "change_permission"}}, {"model": "auth.permission", "pk": 7, "fields": {"name": "Can delete permission", "content_type": 2, "codename": "delete_permission"}}, {"model": "auth.permission", "pk": 8, "fields": {"name": "Can view permission", "content_type": 2, "codename": "view_permission"}}, {"model": "auth.permission", "pk": 9, "fields": {"name": "Can add group", "content_type": 3, "codename": "add_group"}}, {"model": "auth.permission", "pk": 10, "fields": {"name": "Can change group", "content_type": 3, "codename": "change_group"}}, {"model": "auth.permission", "pk": 11, "fields": {"name": "Can delete group", "content_type": 3, "codename": "delete_group"}}, {"model": "auth.permission", "pk": 12, "fields": {"name": "Can view group", "content_type": 3, "codename": "view_group"}}, {"model": "auth.permission", "pk": 13, "fields": {"name": "Can add content type", "content_type": 4, "codename": "add_contenttype"}}, {"model": "auth.permission", "pk": 14, "fields": {"name": "Can change content type", "content_type": 4, "codename": "change_contenttype"}}, {"model": "auth.permission", "pk": 15, "fields": {"name": "Can delete content type", "content_type": 4, "codename": "delete_contenttype"}}, {"model": "auth.permission", "pk": 16, "fields": {"name": "Can view content type", "content_type": 4, "codename": "view_contenttype"}}, {"model": "auth.permission", "pk": 17, "fields": {"name": "Can add session", "content_type": 5, "codename": "add_session"}}, {"model": "auth.permission", "pk": 18, "fields": {"name": "Can change session", "content_type": 5, "codename": "change_session"}}, {"model": "auth.permission", "pk": 19, "fields": {"name": "Can delete session", "content_type": 5, "codename": "delete_session"}}, {"model": "auth.permission", "pk": 20, "fields": {"name": "Can view session", "content_type": 5, "codename": "view_session"}}, {"model": "auth.permission", "pk": 21, "fields": {"name": "Can add user", "content_type": 6, "codename": "add_user"}}, {"model": "auth.permission", "pk": 22, "fields": {"name": "Can change user", "content_type": 6, "codename": "change_user"}}, {"model": "auth.permission", "pk": 23, "fields": {"name": "Can delete user", "content_type": 6, "codename": "delete_user"}}, {"model": "auth.permission", "pk": 24, "fields": {"name": "Can view user", "content_type": 6, "codename": "view_user"}}, {"model": "auth.permission", "pk": 25, "fields": {"name": "Can add contribution", "content_type": 7, "codename": "add_contribution"}}, {"model": "auth.permission", "pk": 26, "fields": {"name": "Can change contribution", "content_type": 7, "codename": "change_contribution"}}, {"model": "auth.permission", "pk": 27, "fields": {"name": "Can delete contribution", "content_type": 7, "codename": "delete_contribution"}}, {"model": "auth.permission", "pk": 28, "fields": {"name": "Can view contribution", "content_type": 7, "codename": "view_contribution"}}, {"model": "auth.permission", "pk": 29, "fields": {"name": "Can add project", "content_type": 8, "codename": "add_project"}}, {"model": "auth.permission", "pk": 30, "fields": {"name": "Can change project", "content_type": 8, "codename": "change_project"}}, {"model": "auth.permission", "pk": 31, "fields": {"name": "Can delete project", "content_type": 8, "codename": "delete_project"}}, {"model": "auth.permission", "pk": 32, "fields": {"name": "Can view project", "content_type": 8, "codename": "view_project"}}, {"model": "auth.permission", "pk": 33, "fields": {"name": "Can add reward", "content_type": 9, "codename": "add_reward"}}, {"model": "auth.permission", "pk": 34, "fields": {"name": "Can change reward", "content_type": 9, "codename": "change_reward"}}, {"model": "auth.permission", "pk": 35, "fields": {"name": "Can delete reward", "content_type": 9, "codename": "delete_reward"}}, {"model": "auth.permission", "pk": 36, "fields": {"name": "Can view reward", "content_type": 9, "codename": "view_reward"}}, {"model": "auth.permission", "pk": 37, "fields": {"name": "Can add category", "content_type": 10, "codename": "add_category"}}, {"model": "auth.permission", "pk": 38, "fields": {"name": "Can change category", "content_type": 10, "codename": "change_category"}}, {"model": "auth.permission", "pk": 39, "fields": {"name": "Can delete category", "content_type": 10, "codename": "delete_category"}}, {"model": "auth.permission", "pk": 40, "fields": {"name": "Can view category", "content_type": 10, "codename": "view_category"}}, {"model": "auth.permission", "pk": 41, "fields": {"name": "Can add tag", "content_type": 11, "codename": "add_tag"}}, {"model": "auth.permission", "pk": 42, "fields": {"name": "Can change tag", "content_type": 11, "codename": "change_tag"}}, {"model": "auth.permission", "pk": 43, "fields": {"name": "Can delete tag", "content_type": 11, "codename": "delete_tag"}}, {"model": "auth.permission", "pk": 44, "fields": {"name": "Can view tag", "content_type": 11, "codename": "view_tag"}}, {"model": "auth.permission", "pk": 45, "fields": {"name": "Can add tagged item", "content_type": 12, "codename": "add_taggeditem"}}, {"model": "auth.permission", "pk": 46, "fields": {"name": "Can change tagged item", "content_type": 12, "codename": "change_taggeditem"}}, {"model": "auth.permission", "pk": 47, "fields": {"name": "Can delete tagged item", "content_type": 12, "codename": "delete_taggeditem"}}, {"model": "auth.permission", "pk": 48, "fields": {"name": "Can view tagged item", "content_type": 12, "codename": "view_taggeditem"}}, {"model": "crowdfunder.user", "pk": 1, "fields": {"password": "pbkdf2_sha256$150000$MkVLJ00ESYct$NLjahwzh0OSkxEBBRdDvKGviaLQOn83kPE2h0zkAfN0=", "last_login": "2019-07-29T22:47:16.276Z", "is_superuser": true, "username": "cindychea", "first_name": "", "last_name": "", "email": "", "is_staff": true, "is_active": true, "date_joined": "2019-06-10T14:46:16.340Z", "bio": null, "groups": [], "user_permissions": []}}, {"model": "crowdfunder.user", "pk": 2, "fields": {"password": "Vulfpeck1612", "last_login": null, "is_superuser": true, "username": "brodycurrie", "first_name": "Brody", "last_name": "Currie", "email": "brodycurrie@gmail.com", "is_staff": true, "is_active": true, "date_joined": "2019-06-10T14:54:48Z", "bio": null, "groups": [], "user_permissions": []}}, {"model": "crowdfunder.user", "pk": 3, "fields": {"password": "testpass123", "last_login": null, "is_superuser": true, "username": "jasmin", "first_name": "Jasmin", "last_name": "Saromo", "email": "jasmin@gmail.com", "is_staff": true, "is_active": true, "date_joined": "2019-06-10T14:55:47Z", "bio": null, "groups": [], "user_permissions": []}}, {"model": "crowdfunder.user", "pk": 4, "fields": {"password": "pbkdf2_sha256$150000$lS2oovAVFnkN$rC9LmAfb2o8/M4uzt18hbIbNDJfjtjR8Iv2X2pbxyKs=", "last_login": "2019-06-10T20:13:43.068Z", "is_superuser": true, "username": "BrodyCur", "first_name": "", "last_name": "", "email": "sgj@gmail.com", "is_staff": true, "is_active": true, "date_joined": "2019-06-10T20:13:38.999Z", "bio": null, "groups": [], "user_permissions": []}}, {"model": "crowdfunder.project", "pk": 6, "fields": {"title": "ShelterSafe Toronto", "description": "Help fund a non-profit effort to keep shelters safe and clean in Toronto. Currently, Toronto shelters are facing a major issue with trash left in all spaces, and these shelters do not have enough money to ensure proper waste disposal. ShelterSafe is an effort to hire individuals living in the shelters themselves to clean up the space, making the shelters cleaner for inhabitants and proving an opportunity to earn wages to those living in shelters.", "goal": 35000, "goal_reached": false, "start_date": "2019-07-29", "end_date": "2025-07-31", "owner": 1, "expired": false, "category": 6, "image": "project-image/_thumb_177.jpg", "tags": ""}}, {"model": "crowdfunder.project", "pk": 7, "fields": {"title": "IceCream Canteen", "description": "IceCream Canteen is an effort to bring cold, delicious ice cream to every scenario you may find yourself in. Have you ever gone to a picnic and thought.. some ice cream would be great right about now, but you have no cash for the ice cream truck and pints of your favourite flavours at home? With IceCream Canteen you can pack your ice cream with you, wherever you go, and rest assured that you'll never open up the container to find a pint of melted ice cream. Each IceCream Canteen holds one pint of ice cream,  and a couple of mini spoons under the lid. It keeps your ice cream cold for 24-48 hours, whether you're on the beach, in the car, or anywhere in between.", "goal": 20000, "goal_reached": false, "start_date": "2019-07-02", "end_date": "2027-01-17", "owner": 3, "expired": false, "category": 7, "image": "project-image/vegan-strawberry-ice-cream-recipe.jpeg", "tags": ""}}, {"model": "crowdfunder.project", "pk": 8, "fields": {"title": "Indie Short Film Fest", "description": "I mean, REAL indie. Help us fund this event to screen indie movies to the public at HotBox Cinemas weekly. Each week, we'll be showing four short films submitted by Toronto artists. We want to be able to run this event for one entire summer, with the possibility of extending it further. This event is to help support and showcase local artists and their creative works.", "goal": 10900, "goal_reached": false, "start_date": "2019-02-13", "end_date": "2022-12-20", "owner": 2, "expired": false, "category": 1, "image": "project-image/shutterstock_1068876371.0.jpg", "tags": ""}}, {"model": "crowdfunder.project", "pk": 9, "fields": {"title": "Global Straw Movement", "description": "Who doesn't love a good straw? But at the sake of the turtles? No thanks. Global Straw Movement is dedicated to producing metal straws and selling them to restaurant establishments worldwide. Metal straws will become as commonplace as spoons, forks, and knives, which will provide benefits to restaurants and bars (because they don't need to spend money on single use straws) and helps consumers feel less like jerks if they just prefer to drink out of one. Turtles are spared, drinks are saved, straws are reused, and all is good in the world.", "goal": 8500, "goal_reached": true, "start_date": "2019-01-22", "end_date": "2019-05-29", "owner": 1, "expired": true, "category": 7, "image": "project-image/01494894-2-800x533.jpg", "tags": ""}}, {"model": "crowdfunder.project", "pk": 10, "fields": {"title": "Electro-Comic-Nation", "description": "With the shift to tech based literature in the mobile age, comics are less accessible and decreasing in popularity as individuals look for electronic versions of their favourite illustrations rather than buying a hard copy comic. Electro-Comic-Nation is focused on bringing comics back, by turning our favourite paperbacks into e-books, and making them accessible on a mobile app.", "goal": 17000, "goal_reached": true, "start_date": "2018-03-20", "end_date": "2019-07-28", "owner": 3, "expired": true, "category": 3, "image": "project-image/comic.jpg", "tags": ""}}, {"model": "crowdfunder.project", "pk": 11, "fields": {"title": "Universal Wash", "description": "At Universal Wash, we want to create one single product that works as shampoo, conditioner, body wash, face cleanser, and makeup remover. Say goodbye to your giant toiletries pouch when you travel, or several different containers on the ledge of your bathtub. We believe we can create a sustainable product that is as effective as the array of products you currently own.", "goal": 13000, "goal_reached": false, "start_date": "2018-02-02", "end_date": "2019-06-30", "owner": 2, "expired": true, "category": 8, "image": "project-image/100ml-plain-hdpe-shampoo-bottle-500x500.jpg", "tags": ""}}, {"model": "crowdfunder.project", "pk": 12, "fields": {"title": "TechHub Bingo", "description": "We love Bingo! With so many tech events happening in the city, we want to bring TechHub Bingo to them, a game where you have to get Bingo, code your way through a challenge, and collaborate with others to win a prize!", "goal": 3000, "goal_reached": false, "start_date": "2018-04-03", "end_date": "2019-04-03", "owner": 4, "expired": true, "category": 4, "image": "project-image/bingo-1024x576.jpg", "tags": ""}}, {"model": "crowdfunder.contribution", "pk": 5, "fields": {"user": 4, "reward": 10, "project": 6}}, {"model": "crowdfunder.contribution", "pk": 6, "fields": {"user": 4, "reward": 11, "project": 6}}, {"model": "admin.logentry", "pk": 1, "fields": {"action_time": "2019-06-10T14:55:42.656Z", "user": 1, "content_type": 6, "object_id": "2", "object_repr": "brodycurrie", "action_flag": 1, "change_message": "[{\"added\": {}}]"}}, {"model": "admin.logentry", "pk": 2, "fields": {"action_time": "2019-06-10T14:56:34.934Z", "user": 1, "content_type": 6, "object_id": "3", "object_repr": "jasmin", "action_flag": 1, "change_message": "[{\"added\": {}}]"}}, {"model": "admin.logentry", "pk": 3, "fields": {"action_time": "2019-06-10T14:57:53.676Z", "user": 1, "content_type": 8, "object_id": "1", "object_repr": "Project object (1)", "action_flag": 1, "change_message": "[{\"added\": {}}]"}}, {"model": "admin.logentry", "pk": 4, "fields": {"action_time": "2019-06-10T14:58:11.244Z", "user": 1, "content_type": 8, "object_id": "2", "object_repr": "Project object (2)", "action_flag": 1, "change_message": "[{\"added\": {}}]"}}, {"model": "admin.logentry", "pk": 5, "fields": {"action_time": "2019-06-10T14:58:29.828Z", "user": 1, "content_type": 8, "object_id": "3", "object_repr": "Project object (3)", "action_flag": 1, "change_message": "[{\"added\": {}}]"}}, {"model": "admin.logentry", "pk": 6, "fields": {"action_time": "2019-06-10T14:58:56.344Z", "user": 1, "content_type": 9, "object_id": "1", "object_repr": "Reward object (1)", "action_flag": 1, "change_message": "[{\"added\": {}}]"}}, {"model": "admin.logentry", "pk": 7, "fields": {"action_time": "2019-06-10T14:59:08.547Z", "user": 1, "content_type": 9, "object_id": "2", "object_repr": "Reward object (2)", "action_flag": 1, "change_message": "[{\"added\": {}}]"}}, {"model": "admin.logentry", "pk": 8, "fields": {"action_time": "2019-06-10T14:59:29.332Z", "user": 1, "content_type": 9, "object_id": "3", "object_repr": "Reward object (3)", "action_flag": 1, "change_message": "[{\"added\": {}}]"}}, {"model": "admin.logentry", "pk": 9, "fields": {"action_time": "2019-06-10T14:59:48.237Z", "user": 1, "content_type": 9, "object_id": "4", "object_repr": "Reward object (4)", "action_flag": 1, "change_message": "[{\"added\": {}}]"}}, {"model": "admin.logentry", "pk": 10, "fields": {"action_time": "2019-06-10T15:00:04.839Z", "user": 1, "content_type": 9, "object_id": "5", "object_repr": "Reward object (5)", "action_flag": 1, "change_message": "[{\"added\": {}}]"}}, {"model": "admin.logentry", "pk": 11, "fields": {"action_time": "2019-06-10T15:00:15.508Z", "user": 1, "content_type": 9, "object_id": "6", "object_repr": "Reward object (6)", "action_flag": 1, "change_message": "[{\"added\": {}}]"}}, {"model": "admin.logentry", "pk": 12, "fields": {"action_time": "2019-06-10T15:00:39.639Z", "user": 1, "content_type": 9, "object_id": "7", "object_repr": "Reward object (7)", "action_flag": 1, "change_message": "[{\"added\": {}}]"}}, {"model": "admin.logentry", "pk": 13, "fields": {"action_time": "2019-06-10T15:00:48.872Z", "user": 1, "content_type": 9, "object_id": "8", "object_repr": "Reward object (8)", "action_flag": 1, "change_message": "[{\"added\": {}}]"}}, {"model": "admin.logentry", "pk": 14, "fields": {"action_time": "2019-06-10T15:00:59.432Z", "user": 1, "content_type": 9, "object_id": "9", "object_repr": "Reward object (9)", "action_flag": 1, "change_message": "[{\"added\": {}}]"}}, {"model": "admin.logentry", "pk": 15, "fields": {"action_time": "2019-06-10T15:40:04.432Z", "user": 1, "content_type": 9, "object_id": "9", "object_repr": "Reward object (9)", "action_flag": 2, "change_message": "[{\"changed\": {\"fields\": [\"limit\"]}}]"}}, {"model": "admin.logentry", "pk": 16, "fields": {"action_time": "2019-06-10T15:40:13.505Z", "user": 1, "content_type": 9, "object_id": "8", "object_repr": "Reward object (8)", "action_flag": 2, "change_message": "[{\"changed\": {\"fields\": [\"limit\"]}}]"}}, {"model": "admin.logentry", "pk": 17, "fields": {"action_time": "2019-06-10T15:40:19.454Z", "user": 1, "content_type": 9, "object_id": "7", "object_repr": "Reward object (7)", "action_flag": 2, "change_message": "[{\"changed\": {\"fields\": [\"limit\"]}}]"}}, {"model": "admin.logentry", "pk": 18, "fields": {"action_time": "2019-06-10T15:40:23.903Z", "user": 1, "content_type": 9, "object_id": "6", "object_repr": "Reward object (6)", "action_flag": 2, "change_message": "[{\"changed\": {\"fields\": [\"limit\"]}}]"}}, {"model": "admin.logentry", "pk": 19, "fields": {"action_time": "2019-06-10T15:40:32.131Z", "user": 1, "content_type": 9, "object_id": "5", "object_repr": "Reward object (5)", "action_flag": 2, "change_message": "[{\"changed\": {\"fields\": [\"limit\"]}}]"}}, {"model": "admin.logentry", "pk": 20, "fields": {"action_time": "2019-06-10T15:40:37.414Z", "user": 1, "content_type": 9, "object_id": "4", "object_repr": "Reward object (4)", "action_flag": 2, "change_message": "[{\"changed\": {\"fields\": [\"limit\"]}}]"}}, {"model": "admin.logentry", "pk": 21, "fields": {"action_time": "2019-06-10T15:40:45.499Z", "user": 1, "content_type": 9, "object_id": "3", "object_repr": "Reward object (3)", "action_flag": 2, "change_message": "[]"}}, {"model": "admin.logentry", "pk": 22, "fields": {"action_time": "2019-06-10T15:40:49.227Z", "user": 1, "content_type": 9, "object_id": "2", "object_repr": "Reward object (2)", "action_flag": 2, "change_message": "[{\"changed\": {\"fields\": [\"limit\"]}}]"}}, {"model": "admin.logentry", "pk": 23, "fields": {"action_time": "2019-06-10T15:40:52.598Z", "user": 1, "content_type": 9, "object_id": "1", "object_repr": "Reward object (1)", "action_flag": 2, "change_message": "[{\"changed\": {\"fields\": [\"limit\"]}}]"}}, {"model": "admin.logentry", "pk": 24, "fields": {"action_time": "2019-06-10T20:14:58.024Z", "user": 4, "content_type": 10, "object_id": "1", "object_repr": "Category object (1)", "action_flag": 1, "change_message": "[{\"added\": {}}]"}}, {"model": "admin.logentry", "pk": 25, "fields": {"action_time": "2019-06-10T20:15:07.585Z", "user": 4, "content_type": 10, "object_id": "2", "object_repr": "Category object (2)", "action_flag": 1, "change_message": "[{\"added\": {}}]"}}, {"model": "admin.logentry", "pk": 26, "fields": {"action_time": "2019-06-10T20:15:23.630Z", "user": 4, "content_type": 10, "object_id": "3", "object_repr": "Category object (3)", "action_flag": 1, "change_message": "[{\"added\": {}}]"}}, {"model": "admin.logentry", "pk": 27, "fields": {"action_time": "2019-06-10T20:15:32.917Z", "user": 4, "content_type": 10, "object_id": "4", "object_repr": "Category object (4)", "action_flag": 1, "change_message": "[{\"added\": {}}]"}}, {"model": "admin.logentry", "pk": 28, "fields": {"action_time": "2019-06-10T20:15:36.469Z", "user": 4, "content_type": 10, "object_id": "5", "object_repr": "Category object (5)", "action_flag": 1, "change_message": "[{\"added\": {}}]"}}, {"model": "admin.logentry", "pk": 29, "fields": {"action_time": "2019-06-10T20:16:48.255Z", "user": 4, "content_type": 8, "object_id": "3", "object_repr": "Project object (3)", "action_flag": 2, "change_message": "[{\"changed\": {\"fields\": [\"category\"]}}]"}}, {"model": "admin.logentry", "pk": 30, "fields": {"action_time": "2019-06-10T20:16:53.753Z", "user": 4, "content_type": 8, "object_id": "2", "object_repr": "Project object (2)", "action_flag": 2, "change_message": "[{\"changed\": {\"fields\": [\"category\"]}}]"}}, {"model": "admin.logentry", "pk": 31, "fields": {"action_time": "2019-06-10T20:17:01.198Z", "user": 4, "content_type": 8, "object_id": "1", "object_repr": "Project object (1)", "action_flag": 2, "change_message": "[{\"changed\": {\"fields\": [\"category\"]}}]"}}, {"model": "admin.logentry", "pk": 32, "fields": {"action_time": "2019-06-10T20:50:18.227Z", "user": 4, "content_type": 8, "object_id": "1", "object_repr": "Project object (1)", "action_flag": 2, "change_message": "[{\"changed\": {\"fields\": [\"category\"]}}]"}}, {"model": "admin.logentry", "pk": 33, "fields": {"action_time": "2019-06-10T21:07:23.460Z", "user": 4, "content_type": 8, "object_id": "1", "object_repr": "Project object (1)", "action_flag": 2, "change_message": "[]"}}, {"model": "admin.logentry", "pk": 34, "fields": {"action_time": "2019-06-10T21:07:27.104Z", "user": 4, "content_type": 8, "object_id": "4", "object_repr": "Project object (4)", "action_flag": 2, "change_message": "[]"}}, {"model": "admin.logentry", "pk": 35, "fields": {"action_time": "2019-06-10T21:07:31.970Z", "user": 4, "content_type": 8, "object_id": "4", "object_repr": "Project object (4)", "action_flag": 2, "change_message": "[{\"changed\": {\"fields\": [\"category\"]}}]"}}, {"model": "admin.logentry", "pk": 36, "fields": {"action_time": "2019-07-29T20:07:52.273Z", "user": 4, "content_type": 6, "object_id": "3", "object_repr": "jasmin", "action_flag": 2, "change_message": "[{\"changed\": {\"fields\": [\"password\"]}}]"}}, {"model": "admin.logentry", "pk": 37, "fields": {"action_time": "2019-07-29T20:16:14.405Z", "user": 1, "content_type": 8, "object_id": "4", "object_repr": "Category Test", "action_flag": 3, "change_message": ""}}, {"model": "admin.logentry", "pk": 38, "fields": {"action_time": "2019-07-29T20:16:14.407Z", "user": 1, "content_type": 8, "object_id": "3", "object_repr": "Jasmin's Project", "action_flag": 3, "change_message": ""}}, {"model": "admin.logentry", "pk": 39, "fields": {"action_time": "2019-07-29T20:16:14.408Z", "user": 1, "content_type": 8, "object_id": "2", "object_repr": "Brody's Project", "action_flag": 3, "change_message": ""}}, {"model": "admin.logentry", "pk": 40, "fields": {"action_time": "2019-07-29T20:16:14.410Z", "user": 1, "content_type": 8, "object_id": "1", "object_repr": "Cindy's Project", "action_flag": 3, "change_message": ""}}, {"model": "admin.logentry", "pk": 41, "fields": {"action_time": "2019-07-29T20:18:36.406Z", "user": 1, "content_type": 8, "object_id": "5", "object_repr": "Test", "action_flag": 1, "change_message": "[{\"added\": {}}]"}}, {"model": "admin.logentry", "pk": 42, "fields": {"action_time": "2019-07-29T20:22:36.251Z", "user": 1, "content_type": 8, "object_id": "5", "object_repr": "Test", "action_flag": 2, "change_message": "[{\"changed\": {\"fields\": [\"image\"]}}]"}}, {"model": "admin.logentry", "pk": 43, "fields": {"action_time": "2019-07-29T20:28:14.399Z", "user": 1, "content_type": 8, "object_id": "5", "object_repr": "Test", "action_flag": 2, "change_message": "[{\"changed\": {\"fields\": [\"image\"]}}]"}}, {"model": "admin.logentry", "pk": 44, "fields": {"action_time": "2019-07-29T20:29:23.476Z", "user": 1, "content_type": 8, "object_id": "5", "object_repr": "Test", "action_flag": 2, "change_message": "[{\"changed\": {\"fields\": [\"image\"]}}]"}}, {"model": "admin.logentry", "pk": 45, "fields": {"action_time": "2019-07-29T20:29:57.562Z", "user": 1, "content_type": 8, "object_id": "5", "object_repr": "Test", "action_flag": 2, "change_message": "[{\"changed\": {\"fields\": [\"image\"]}}]"}}, {"model": "admin.logentry", "pk": 46, "fields": {"action_time": "2019-07-29T20:31:06.089Z", "user": 1, "content_type": 8, "object_id": "5", "object_repr": "Test", "action_flag": 2, "change_message": "[{\"changed\": {\"fields\": [\"image\"]}}]"}}, {"model": "admin.logentry", "pk": 47, "fields": {"action_time": "2019-07-29T20:32:27.655Z", "user": 1, "content_type": 8, "object_id": "5", "object_repr": "Test", "action_flag": 2, "change_message": "[{\"changed\": {\"fields\": [\"image\"]}}]"}}, {"model": "admin.logentry", "pk": 48, "fields": {"action_time": "2019-07-29T20:45:58.840Z", "user": 3, "content_type": 8, "object_id": "5", "object_repr": "Test", "action_flag": 2, "change_message": "[{\"changed\": {\"fields\": [\"image\"]}}]"}}, {"model": "admin.logentry", "pk": 49, "fields": {"action_time": "2019-07-29T20:48:00.790Z", "user": 1, "content_type": 8, "object_id": "6", "object_repr": "ShelterSafe Toronto", "action_flag": 1, "change_message": "[{\"added\": {}}]"}}, {"model": "admin.logentry", "pk": 50, "fields": {"action_time": "2019-07-29T20:48:50.800Z", "user": 1, "content_type": 10, "object_id": "6", "object_repr": "Philanthropy", "action_flag": 1, "change_message": "[{\"added\": {}}]"}}, {"model": "admin.logentry", "pk": 51, "fields": {"action_time": "2019-07-29T20:48:59.058Z", "user": 1, "content_type": 10, "object_id": "7", "object_repr": "Food & Drink", "action_flag": 1, "change_message": "[{\"added\": {}}]"}}, {"model": "admin.logentry", "pk": 52, "fields": {"action_time": "2019-07-29T20:53:08.326Z", "user": 1, "content_type": 8, "object_id": "6", "object_repr": "ShelterSafe Toronto", "action_flag": 2, "change_message": "[{\"changed\": {\"fields\": [\"category\"]}}]"}}, {"model": "admin.logentry", "pk": 53, "fields": {"action_time": "2019-07-29T21:01:40.923Z", "user": 1, "content_type": 8, "object_id": "7", "object_repr": "IceCream Canteen", "action_flag": 1, "change_message": "[{\"added\": {}}]"}}, {"model": "admin.logentry", "pk": 54, "fields": {"action_time": "2019-07-29T21:01:49.325Z", "user": 1, "content_type": 8, "object_id": "5", "object_repr": "Test", "action_flag": 3, "change_message": ""}}, {"model": "admin.logentry", "pk": 55, "fields": {"action_time": "2019-07-29T21:05:06.753Z", "user": 1, "content_type": 8, "object_id": "6", "object_repr": "ShelterSafe Toronto", "action_flag": 2, "change_message": "[{\"changed\": {\"fields\": [\"goal\"]}}]"}}, {"model": "admin.logentry", "pk": 56, "fields": {"action_time": "2019-07-29T21:33:07.926Z", "user": 1, "content_type": 8, "object_id": "8", "object_repr": "Indie Short Film Fest", "action_flag": 1, "change_message": "[{\"added\": {}}]"}}, {"model": "admin.logentry", "pk": 57, "fields": {"action_time": "2019-07-29T21:44:45.639Z", "user": 1, "content_type": 8, "object_id": "9", "object_repr": "Global Straw Movement", "action_flag": 1, "change_message": "[{\"added\": {}}]"}}, {"model": "admin.logentry", "pk": 58, "fields": {"action_time": "2019-07-29T21:54:33.057Z", "user": 1, "content_type": 8, "object_id": "10", "object_repr": "Electro-Comic-Nation", "action_flag": 1, "change_message": "[{\"added\": {}}]"}}, {"model": "admin.logentry", "pk": 59, "fields": {"action_time": "2019-07-29T21:54:42.681Z", "user": 1, "content_type": 8, "object_id": "9", "object_repr": "Global Straw Movement", "action_flag": 2, "change_message": "[{\"changed\": {\"fields\": [\"end_date\"]}}]"}}, {"model": "admin.logentry", "pk": 60, "fields": {"action_time": "2019-07-29T22:24:07.200Z", "user": 1, "content_type": 8, "object_id": "11", "object_repr": "Universal Wash", "action_flag": 1, "change_message": "[{\"added\": {}}]"}}, {"model": "admin.logentry", "pk": 61, "fields": {"action_time": "2019-07-29T22:24:22.687Z", "user": 1, "content_type": 10, "object_id": "8", "object_repr": "Cosmetics", "action_flag": 1, "change_message": "[{\"added\": {}}]"}}, {"model": "admin.logentry", "pk": 62, "fields": {"action_time": "2019-07-29T22:24:37.367Z", "user": 1, "content_type": 8, "object_id": "11", "object_repr": "Universal Wash", "action_flag": 2, "change_message": "[{\"changed\": {\"fields\": [\"category\"]}}]"}}, {"model": "admin.logentry", "pk": 63, "fields": {"action_time": "2019-07-29T22:24:56.841Z", "user": 1, "content_type": 8, "object_id": "11", "object_repr": "Universal Wash", "action_flag": 2, "change_message": "[{\"changed\": {\"fields\": [\"expired\"]}}]"}}, {"model": "admin.logentry", "pk": 64, "fields": {"action_time": "2019-07-29T22:26:06.007Z", "user": 1, "content_type": 8, "object_id": "9", "object_repr": "Global Straw Movement", "action_flag": 2, "change_message": "[{\"changed\": {\"fields\": [\"goal_reached\"]}}]"}}, {"model": "admin.logentry", "pk": 65, "fields": {"action_time": "2019-07-29T22:26:14.576Z", "user": 1, "content_type": 8, "object_id": "10", "object_repr": "Electro-Comic-Nation", "action_flag": 2, "change_message": "[{\"changed\": {\"fields\": [\"goal_reached\"]}}]"}}, {"model": "admin.logentry", "pk": 66, "fields": {"action_time": "2019-07-29T22:29:05.612Z", "user": 1, "content_type": 8, "object_id": "12", "object_repr": "TechHub Bingo", "action_flag": 1, "change_message": "[{\"added\": {}}]"}}, {"model": "admin.logentry", "pk": 67, "fields": {"action_time": "2019-07-29T22:31:48.592Z", "user": 1, "content_type": 9, "object_id": "10", "object_repr": "Bronze Key - ShelterSafe Toronto", "action_flag": 1, "change_message": "[{\"added\": {}}]"}}, {"model": "admin.logentry", "pk": 68, "fields": {"action_time": "2019-07-29T22:32:08.154Z", "user": 1, "content_type": 9, "object_id": "11", "object_repr": "Silver Key - ShelterSafe Toronto", "action_flag": 1, "change_message": "[{\"added\": {}}]"}}, {"model": "admin.logentry", "pk": 69, "fields": {"action_time": "2019-07-29T22:32:23.569Z", "user": 1, "content_type": 9, "object_id": "12", "object_repr": "Gold Key - ShelterSafe Toronto", "action_flag": 1, "change_message": "[{\"added\": {}}]"}}, {"model": "admin.logentry", "pk": 70, "fields": {"action_time": "2019-07-29T22:35:16.222Z", "user": 1, "content_type": 9, "object_id": "13", "object_repr": "One Scoop - IceCream Canteen", "action_flag": 1, "change_message": "[{\"added\": {}}]"}}, {"model": "admin.logentry", "pk": 71, "fields": {"action_time": "2019-07-29T22:35:51.945Z", "user": 1, "content_type": 9, "object_id": "14", "object_repr": "Two Scoops - IceCream Canteen", "action_flag": 1, "change_message": "[{\"added\": {}}]"}}, {"model": "admin.logentry", "pk": 72, "fields": {"action_time": "2019-07-29T22:36:50.276Z", "user": 1, "content_type": 9, "object_id": "15", "object_repr": "Three Scoops - IceCream Canteen", "action_flag": 1, "change_message": "[{\"added\": {}}]"}}, {"model": "admin.logentry", "pk": 73, "fields": {"action_time": "2019-07-29T22:38:00.631Z", "user": 1, "content_type": 9, "object_id": "16", "object_repr": "Basic Screening - Indie Short Film Fest", "action_flag": 1, "change_message": "[{\"added\": {}}]"}}, {"model": "admin.logentry", "pk": 74, "fields": {"action_time": "2019-07-29T22:38:33.838Z", "user": 1, "content_type": 9, "object_id": "17", "object_repr": "Advanced Screening - Indie Short Film Fest", "action_flag": 1, "change_message": "[{\"added\": {}}]"}}, {"model": "admin.logentry", "pk": 75, "fields": {"action_time": "2019-07-29T22:39:11.431Z", "user": 1, "content_type": 9, "object_id": "18", "object_repr": "Platinum Screening - Indie Short Film Fest", "action_flag": 1, "change_message": "[{\"added\": {}}]"}}, {"model": "admin.logentry", "pk": 76, "fields": {"action_time": "2019-07-29T22:40:00.261Z", "user": 1, "content_type": 9, "object_id": "19", "object_repr": "One Straw - Global Straw Movement", "action_flag": 1, "change_message": "[{\"added\": {}}]"}}, {"model": "admin.logentry", "pk": 77, "fields": {"action_time": "2019-07-29T22:40:30.148Z", "user": 1, "content_type": 9, "object_id": "20", "object_repr": "Two Straws - Global Straw Movement", "action_flag": 1, "change_message": "[{\"added\": {}}]"}}, {"model": "admin.logentry", "pk": 78, "fields": {"action_time": "2019-07-29T22:40:53.545Z", "user": 1, "content_type": 9, "object_id": "21", "object_repr": "Three Straws - Global Straw Movement", "action_flag": 1, "change_message": "[{\"added\": {}}]"}}, {"model": "admin.logentry", "pk": 79, "fields": {"action_time": "2019-07-29T22:41:30.962Z", "user": 1, "content_type": 9, "object_id": "22", "object_repr": "Bronze Comic - Electro-Comic-Nation", "action_flag": 1, "change_message": "[{\"added\": {}}]"}}, {"model": "admin.logentry", "pk": 80, "fields": {"action_time": "2019-07-29T22:42:21.131Z", "user": 1, "content_type": 9, "object_id": "23", "object_repr": "Silver Comic - Electro-Comic-Nation", "action_flag": 1, "change_message": "[{\"added\": {}}]"}}, {"model": "admin.logentry", "pk": 81, "fields": {"action_time": "2019-07-29T22:42:54.922Z", "user": 1, "content_type": 9, "object_id": "24", "object_repr": "Gold Comic - Electro-Comic-Nation", "action_flag": 1, "change_message": "[{\"added\": {}}]"}}, {"model": "admin.logentry", "pk": 82, "fields": {"action_time": "2019-07-29T22:43:26.679Z", "user": 1, "content_type": 9, "object_id": "25", "object_repr": "Bar Soap - Universal Wash", "action_flag": 1, "change_message": "[{\"added\": {}}]"}}, {"model": "admin.logentry", "pk": 83, "fields": {"action_time": "2019-07-29T22:44:00.807Z", "user": 1, "content_type": 9, "object_id": "26", "object_repr": "Liquid Soap - Universal Wash", "action_flag": 1, "change_message": "[{\"added\": {}}]"}}, {"model": "admin.logentry", "pk": 84, "fields": {"action_time": "2019-07-29T22:44:30.367Z", "user": 1, "content_type": 9, "object_id": "27", "object_repr": "Platinum Soap - Universal Wash", "action_flag": 1, "change_message": "[{\"added\": {}}]"}}, {"model": "admin.logentry", "pk": 85, "fields": {"action_time": "2019-07-29T22:45:27.037Z", "user": 1, "content_type": 9, "object_id": "28", "object_repr": "Bingo - TechHub Bingo", "action_flag": 1, "change_message": "[{\"added\": {}}]"}}, {"model": "admin.logentry", "pk": 86, "fields": {"action_time": "2019-07-29T22:45:46.124Z", "user": 1, "content_type": 9, "object_id": "29", "object_repr": "Double Bingo - TechHub Bingo", "action_flag": 1, "change_message": "[{\"added\": {}}]"}}, {"model": "admin.logentry", "pk": 87, "fields": {"action_time": "2019-07-29T22:46:06.387Z", "user": 1, "content_type": 9, "object_id": "30", "object_repr": "Triple Bingo - TechHub Bingo", "action_flag": 1, "change_message": "[{\"added\": {}}]"}}, {"model": "admin.logentry", "pk": 88, "fields": {"action_time": "2019-07-29T22:47:30.327Z", "user": 1, "content_type": 8, "object_id": "4", "object_repr": "Category Test", "action_flag": 3, "change_message": ""}}, {"model": "admin.logentry", "pk": 89, "fields": {"action_time": "2019-07-29T22:47:30.330Z", "user": 1, "content_type": 8, "object_id": "3", "object_repr": "Jasmin's Project", "action_flag": 3, "change_message": ""}}, {"model": "admin.logentry", "pk": 90, "fields": {"action_time": "2019-07-29T22:47:30.331Z", "user": 1, "content_type": 8, "object_id": "2", "object_repr": "Brody's Project", "action_flag": 3, "change_message": ""}}, {"model": "admin.logentry", "pk": 91, "fields": {"action_time": "2019-07-29T22:47:30.332Z", "user": 1, "content_type": 8, "object_id": "1", "object_repr": "Cindy's Project", "action_flag": 3, "change_message": ""}}]